TEMA,TAJUK
BACAAN,1.1 Bacaan Surah Al-Fatihah
BACAAN,1.2 Bacaan Surah Al-Fatihah
BACAAN,1.3 Bacaan Surah Al-Fatihah
BACAAN,1.4 Bacaan Surah Al-Fatihah
BACAAN,1.5 Bacaan Surah Al-Fatihah
BACAAN,1.6 Bacaan Surah Al-Fatihah
BACAAN,1.7 Bacaan Surah Al-Fatihah
BACAAN,1.8 Bacaan Surah Al-Fatihah
BACAAN,1.9 Bacaan Surah Al-Fatihah
BACAAN,1.10 Bacaan Surah Al-Fatihah
BACAAN,1.11 Bacaan Surah Al-Fatihah
BACAAN,1.12 Bacaan Surah Al-Fatihah
BACAAN,1.13 Bacaan Surah Al-Fatihah
BACAAN,1.14 Bacaan Surah Al-Fatihah
HAFAZAN,AL FATIHAH
HAFAZAN,AL IKHLAS
AKIDAH,RUKUN IMAN
AKIDAH,RUKUN ISLAM
AKIDAH,ARRAHMAN/ARRAHIM
IBADAT,AIR
IBADAT,ISTINJAK
IBADAT,WUDUK
IBADAT,SOLAT FARDU
IBADAT,RUKUN SOLAT
SIRAH,KELAHIRAN NABI
SIRAH,CIRI KEISTIMEWAAN
SIRAH,PERIBADI NABI - KELUARGA
ADAB,KEBERSIHAN DIRI
ADAB,ADAB KELUARGA
ADAB,ADAB TERHADAP ALLAH
ADAB,ADAB TERHADAP RASUL
JAWI,HURUF TUNGGAL
JAWI,SUKU KATA TERBUKA
JAWI,PERKATAAN 2 SUKU KATA TERBUKA
JAWI,SUKU KATA TERTUTUP
JAWI,PERKATAAN 2 SUKU KATA TERTUTUP
JAWI,PERKATAAN SUKU KATA TERBUKA TERTUTUP
